PatientFullName,PatientBirthDate,DoctorFullName,RecordDate,Medication,Dosage,Frequency,Notes
Lisa May,2001-01-18,Sarah Wells,2025-01-02,Metformin,2 tablets twice a day,Twice a day,Street not hard. Tend where save ready process authority. Force three myself hit carry either rest.
Deborah Buchanan,1951-04-26,Rebecca Costa,2025-01-11,Metformin,1 tablet daily,Daily,Mrs kind fine network occur.
Stephanie Vaughn,1952-05-21,Alicia Cook,2025-01-01,Amoxicillin,2 tablets twice a day,As needed,Charge help first eat method. Network past free people. Animal family in.
Craig Kelley,1992-04-14,Michael Stephens,2025-01-08,Metformin,2 tablets twice a day,Daily,Decade factor hold common leg before fear. Fly series among why.
Tara Contreras,1975-11-20,Sharon Hill,2025-01-05,Metformin,5 mg once a day,Twice a day,Even boy throughout reason. Theory you quickly minute notice religious main.
Kimberly Cole MD,1953-12-30,Samantha Molina,2025-01-06,Lisinopril,1 tablet daily,Daily,North realize test of. Perhaps finally candidate single.
Mr. Anthony White,2002-11-12,Bryan Carter,2025-01-04,Amoxicillin,1 tablet daily,Daily,Cup summer culture require enter or feel.
Chad Fitzpatrick,2004-08-24,Kathleen Bradley,2025-01-07,Amoxicillin,10 mg twice a day,As needed,One improve set sign. Country present citizen case century. Pattern maybe if particular.
Mr. John Nguyen Jr.,1984-01-09,Steven Soto,2025-01-04,Metformin,1 tablet daily,Once a week,Second old north. Resource huge federal this.
Kathleen Sanchez,1946-11-15,John Paul,2025-01-04,Aspirin,5 mg once a day,Once a week,Enough everything dream course. World different meeting something enjoy student tonight.
Mackenzie Evans,1953-12-12,Ann Rogers,2025-01-08,Ibuprofen,5 mg once a day,Twice a day,Very laugh blue school serious story so. Ever likely art force address box camera.
Corey Graham,1943-11-26,Christopher King,2025-01-10,Lisinopril,10 mg twice a day,Daily,Similar push mean cup yeah share. Growth likely measure thought ball whatever. Catch fish item.
Ashley Taylor,2000-11-23,Robert Smith,2025-01-01,Lisinopril,5 mg once a day,Once a week,Natural grow blue next option local. Just foreign though their material. Matter respond force.
Breanna Fisher,1972-11-15,Rebecca Costa,2025-01-04,Metformin,5 mg once a day,Daily,Always customer beat recent likely. Pull else onto.
Cheryl Logan,1967-04-20,Paul Jackson,2025-01-06,Metformin,5 mg once a day,Once a week,Only such possible pay take I. White our man shake eight role sit. I hold far police market.
Ashley Peterson,1936-04-24,Michael Stephens,2025-01-02,Aspirin,2 tablets twice a day,Once a week,Seem play American top officer gun. Company shake policy conference church successful decade.
Lauren Tucker,1980-07-14,Laura Baird,2025-01-03,Aspirin,2 tablets twice a day,Daily,Cost pattern then pull people ask yourself own.
Peter Avila,1950-06-08,Joshua Tanner,2025-01-08,Lisinopril,1 tablet daily,Twice a day,Science tax but heavy. Medical age school during difference expect town.
Kenneth Henderson,1968-08-16,Megan Simpson,2025-01-03,Amoxicillin,5 mg once a day,Daily,High outside size. Point industry develop nothing she century wife may.
Cassandra Copeland,1977-05-07,John Paul,2025-01-01,Metformin,2 tablets twice a day,Once a week,Fact general already. Skill central record bed leave.
Matthew Hoover,2004-06-23,Joseph Shepherd,2025-01-01,Amoxicillin,10 mg twice a day,As needed,Night doctor book lay generation whether ago. Bit outside explain.
Tiffany Munoz,1967-12-30,Megan Simpson,2025-01-02,Ibuprofen,10 mg twice a day,Twice a day,Discover maybe four huge factor entire.
Kenneth Henderson,1968-08-16,Megan Simpson,2025-01-03,Lisinopril,5 mg once a day,Twice a day,"Out pick store believe. Meeting fear huge their.
Instead beat your fly which."
Pamela Garner,1983-07-18,Mallory Hill,2025-01-07,Metformin,2 tablets twice a day,Once a week,Rate agency around. Evidence ten six describe. View almost them like.
Edward Dixon,1968-09-12,Victoria Hale,2025-01-03,Ibuprofen,2 tablets twice a day,Daily,Main need deal bring. Seem treatment institution military.
Margaret Wood,2003-11-13,Barbara Bailey,2025-01-05,Lisinopril,5 mg once a day,As needed,Idea join run market. Along always put allow.
Jennifer Rojas,1993-05-17,Lisa Harris,2025-01-02,Amoxicillin,2 tablets twice a day,Once a week,More city computer should reveal happy natural. Relate box author manage identify beautiful.
Curtis Maldonado,1961-01-28,Mary Nunez,2025-01-08,Metformin,1 tablet daily,Twice a day,How thousand establish a without. Most food stand pressure church including as.
Dana Leonard,1997-01-08,Patricia Armstrong,2025-01-11,Aspirin,2 tablets twice a day,As needed,Fill official sure teacher development.
James Webb,1952-05-26,Lisa Garcia,2025-01-08,Aspirin,10 mg twice a day,Daily,Day city whose teach north last. Small parent budget north team history ground.
David Brown,1969-10-04,Tyler Buchanan,2025-01-03,Metformin,1 tablet daily,Twice a day,Real majority away job much. Old treat class in. Pretty just say note herself shoulder community.
John Taylor,1987-09-17,Mary Nunez,2025-01-05,Amoxicillin,1 tablet daily,Twice a day,Alone say wear final knowledge American. Fly government speak. Get its response attention.
Nicholas Simon,1986-09-16,Kathy Bell,2025-01-07,Aspirin,5 mg once a day,Once a week,Court country north mean hot seem. Court recent network.
James Webb,1952-05-26,Lisa Garcia,2025-01-08,Aspirin,5 mg once a day,Daily,Dream chance run leader sister. Trade over go reason film since.
Peter Avila,1950-06-08,Anthony Collins,2025-01-01,Metformin,2 tablets twice a day,Once a week,Else my your law well. Able administration summer response. Age serious education food edge thus a.
Ashley Taylor,2000-11-23,Robert Smith,2025-01-01,Lisinopril,5 mg once a day,As needed,He organization road evening. Expert where parent become good wish whom collection.
Teresa Byrd,2004-08-08,Sharon Hill,2025-01-03,Aspirin,1 tablet daily,Once a week,Only responsibility up hair. Husband traditional chance face.
James Webb,1952-05-26,Lisa Garcia,2025-01-08,Amoxicillin,5 mg once a day,Daily,Attack red continue service speech particularly thing. Address statement blue lay market.
Annette James,2004-06-15,Brian Alexander,2025-01-09,Aspirin,1 tablet daily,As needed,Nice tend building themselves dream security consider statement. Still water blue nice probably.
Deborah Buchanan,1951-04-26,Rebecca Costa,2025-01-11,Ibuprofen,5 mg once a day,Daily,Per past reduce. Serious as build picture talk.
Bethany Roberts,1976-05-19,Sandra Melendez,2025-01-01,Ibuprofen,1 tablet daily,As needed,Win trade small summer face president option. Yes beat pretty maybe main.
Lauren Tucker,1980-07-14,Laura Baird,2025-01-03,Amoxicillin,1 tablet daily,Daily,Themselves customer put understand six particular soon. Range add property look officer board.
Brett Bond,1969-08-02,Patrick Blake,2025-01-04,Amoxicillin,10 mg twice a day,As needed,While local church range. Someone career you rock hair social. Stage discuss affect occur.
Elaine Brooks,1960-02-26,Matthew Church,2025-01-10,Amoxicillin,2 tablets twice a day,As needed,Floor possible personal star. Pass resource tell up. Couple deep radio day.
Mr. Anthony White,2002-11-12,Bryan Carter,2025-01-04,Ibuprofen,10 mg twice a day,Once a week,South until foot hope strong. Store second billion report second interest hand.
Sarah Gonzalez,1944-11-06,Brian Alexander,2025-01-02,Metformin,1 tablet daily,Twice a day,Model body executive authority onto. Can truth movement development two suggest.
Cassandra Copeland,1977-05-07,John Paul,2025-01-01,Amoxicillin,1 tablet daily,Once a week,Behavior country town that opportunity thank season.
Danny Patterson,1971-08-03,Katherine Lawson,2025-01-01,Amoxicillin,10 mg twice a day,As needed,Bank center per. Edge do kitchen return summer.
Jason Carroll,1986-08-08,Pamela Smith,2025-01-08,Lisinopril,10 mg twice a day,As needed,Clear per long where. Listen Congress political person.
Deborah Buchanan,1951-04-26,Rebecca Costa,2025-01-11,Aspirin,1 tablet daily,Daily,Religious less as senior me. Among management bring institution.
Miranda Bryant,1995-11-10,Anne Rodriguez,2025-01-04,Aspirin,1 tablet daily,As needed,Coach consumer history mean television. Grow throw ahead store sort.
Dana Schmitt,1964-03-05,John Paul,2025-01-07,Aspirin,1 tablet daily,As needed,Audience job want.
Craig Kelley,1992-04-14,Michael Stephens,2025-01-08,Aspirin,2 tablets twice a day,As needed,Establish near price I manage exactly. Chair watch great young especially price.
Peter Avila,1950-06-08,Patricia Armstrong,2025-01-11,Ibuprofen,5 mg once a day,As needed,Value bit quality war. Full according your place.
Danny Patterson,1971-08-03,Katherine Lawson,2025-01-01,Ibuprofen,10 mg twice a day,Daily,Home throughout cultural situation can knowledge. Soon though statement happen first.
Miranda Bryant,1995-11-10,Kathleen Bradley,2025-01-11,Metformin,2 tablets twice a day,Daily,Color reflect stuff outside base support accept. Who whose pay me law. Easy plant will.
Deborah Buchanan,1951-04-26,Jonathan Ramos,2025-01-03,Lisinopril,2 tablets twice a day,Daily,Which chance pull everyone. Support other material learn north face.
Deborah Buchanan,1951-04-26,Rebecca Costa,2025-01-11,Amoxicillin,1 tablet daily,Once a week,Likely then agent list skin. Window and once bag condition agree factor professional.
Tiffany Munoz,1967-12-30,Megan Simpson,2025-01-02,Metformin,5 mg once a day,Twice a day,That sort finally other skill concern population study. Get third possible.
Victor Dixon,1992-09-21,Steven Soto,2025-01-01,Amoxicillin,1 tablet daily,Twice a day,Put company investment according. Among pattern appear space space share.
Victor Dixon,1992-09-21,Carol Villarreal,2025-01-11,Lisinopril,10 mg twice a day,Twice a day,"Not growth idea manage authority. Us check require start then yet though.
Open analysis central."
Jason Carroll,1986-08-08,Jonathan Thomas,2025-01-10,Aspirin,5 mg once a day,Twice a day,East without good. Benefit pressure too cup.
Kathleen Sanchez,1946-11-15,John Paul,2025-01-04,Ibuprofen,1 tablet daily,Once a week,Western bill my parent. State spring offer leg story kid.
Peter Avila,1950-06-08,Joshua Tanner,2025-01-08,Aspirin,2 tablets twice a day,Twice a day,Range thus too field reach. Staff mention without agency. One beat our rather action live.
Cassandra Copeland,1977-05-07,Pamela Smith,2025-01-07,Lisinopril,10 mg twice a day,As needed,At sense performance million us.
Jason Carroll,1986-08-08,Pamela Smith,2025-01-08,Amoxicillin,5 mg once a day,Twice a day,Attorney morning bring child total.
Miranda Bryant,1995-11-10,Anne Rodriguez,2025-01-04,Amoxicillin,2 tablets twice a day,Once a week,Into me meeting wear thought cultural. Offer kitchen safe economic.
Joshua Gardner,1961-02-20,Virginia Butler,2025-01-10,Metformin,5 mg once a day,Once a week,Certainly our himself. Increase position view from. Wonder budget bag wrong.
Kathleen Sanchez,1946-11-15,John Paul,2025-01-04,Amoxicillin,10 mg twice a day,As needed,As evidence spend sell none save event standard. Media thus future scene. Chair try current common.
Mr. Anthony White,2002-11-12,Bryan Carter,2025-01-04,Metformin,5 mg once a day,As needed,Daughter mind kind. White store news if respond third. Yourself enough local different can become.
Donna Bell,1959-11-28,Megan Schmitt,2025-01-08,Ibuprofen,2 tablets twice a day,Twice a day,"Blue boy magazine. Can rise scene still water although.
Once including wall so land large."
Tiffany Munoz,1967-12-30,Megan Simpson,2025-01-02,Lisinopril,5 mg once a day,Daily,Exactly happy network anything. Sure often effort here tell best red.
Chad Fitzpatrick,2004-08-24,Kathleen Bradley,2025-01-07,Aspirin,5 mg once a day,Daily,See future world word apply. Easy case board range bad soldier.
Elaine Brooks,1960-02-26,Matthew Church,2025-01-10,Ibuprofen,5 mg once a day,Once a week,Hit first yourself sound already. Together game firm manage power.
Peter Avila,1950-06-08,Patricia Armstrong,2025-01-11,Lisinopril,2 tablets twice a day,Daily,Marriage table at course modern. Glass traditional down expert ten agency.
Cheryl Logan,1967-04-20,Mrs. Kimberly Gilbert,2025-01-08,Metformin,1 tablet daily,As needed,Goal account magazine number level. Week close through.
Joe Mathis,1950-07-05,Jonathan Foster,2025-01-02,Lisinopril,1 tablet daily,Once a week,Finally toward interest area crime what test. Stock entire on foot maybe model smile.
Margaret Wood,2003-11-13,Barbara Bailey,2025-01-05,Aspirin,5 mg once a day,As needed,Per avoid appear career structure may seven traditional. Design TV despite interview reach.
Craig Kelley,1992-04-14,Michael Stephens,2025-01-08,Lisinopril,5 mg once a day,As needed,Design none step continue man believe debate class. Contain within become for himself.
Annette James,2004-06-15,Brian Alexander,2025-01-09,Metformin,1 tablet daily,Once a week,Our in me political decision. Raise parent performance wrong have true purpose.
Victor Dixon,1992-09-21,Carol Villarreal,2025-01-11,Metformin,5 mg once a day,As needed,Put customer day sell. Play friend including reality.
Leslie Franklin,1978-01-16,Laura Baird,2025-01-05,Aspirin,1 tablet daily,Once a week,Lay spring board entire vote education. Economic under fire language floor heavy.
Chad Fitzpatrick,2004-08-24,Sandra Hayes,2025-01-10,Lisinopril,1 tablet daily,Twice a day,Pressure development recently animal data office. Decide role woman professional picture.
Dana Schmitt,1964-03-05,John Paul,2025-01-07,Aspirin,2 tablets twice a day,Once a week,Movie create enjoy often wrong allow. Interest significant meeting hear explain off.
Pamela Garner,1983-07-18,Mallory Hill,2025-01-07,Aspirin,2 tablets twice a day,Once a week,Mr under serve population. Hope understand fall road already various.
Curtis Maldonado,1961-01-28,Mary Nunez,2025-01-08,Aspirin,1 tablet daily,Daily,Heavy main seem respond. Drop free a poor garden. Project road reflect perhaps suffer make.
Lauren Tucker,1980-07-14,Laura Baird,2025-01-03,Aspirin,1 tablet daily,Twice a day,Worker free fast appear respond pay raise exactly. Tend natural bar her factor.
Mackenzie Evans,1953-12-12,Amber Rodriguez,2025-01-03,Amoxicillin,1 tablet daily,Daily,Hundred story their huge imagine this police wear. Tonight organization building.
Miranda Bryant,1995-11-10,Anne Rodriguez,2025-01-04,Lisinopril,5 mg once a day,Daily,Almost theory include Mrs senior. Player down significant involve. Some final security if specific.
Mr. Anthony White,2002-11-12,Bryan Carter,2025-01-04,Lisinopril,1 tablet daily,Once a week,Impact everyone somebody response tell other. Provide tree wonder late be.
Jason Johnson,1976-04-13,Cody Neal,2025-01-08,Aspirin,5 mg once a day,As needed,Answer law son. Tv prevent provide policy exactly man human. Heavy develop guess center pay.
Peter Avila,1950-06-08,Joshua Tanner,2025-01-08,Ibuprofen,1 tablet daily,As needed,Fear crime direction help. Song former once avoid item take.
Miranda Bryant,1995-11-10,Anne Rodriguez,2025-01-04,Ibuprofen,10 mg twice a day,Once a week,Above computer fund degree. Where main yes maybe fill lawyer.
Jason Johnson,1976-04-13,Cody Neal,2025-01-08,Aspirin,10 mg twice a day,Twice a day,Activity student president task without amount. Well as best. Whatever letter his southern water.
Alicia Hunt,1994-02-14,Joshua Tanner,2025-01-03,Amoxicillin,1 tablet daily,Daily,Evidence new despite lot economic. Institution know say. Recognize program side ever real.
Tiffany Munoz,1967-12-30,Sharon Hill,2025-01-08,Aspirin,1 tablet daily,Once a week,Lawyer blood already. Could rich rate than another throw now.
Matthew Hoover,2004-06-23,Robert Smith,2025-01-01,Metformin,10 mg twice a day,Twice a day,Data program plant right. Term idea create whatever. Light lose hot range skin.
Timothy Newton,1995-06-25,Lisa Harris,2025-01-09,Aspirin,10 mg twice a day,As needed,Door where call get dark year. Government oil who he lot. Center today also individual force.
Kenneth Henderson,1968-08-16,Megan Simpson,2025-01-03,Ibuprofen,1 tablet daily,Daily,Of thus air spring. Begin military model human statement.
Chloe West,1940-08-15,Lori Brown,2025-01-11,Lisinopril,2 tablets twice a day,As needed,Reason generation letter well despite appear for. Paper senior data.
